{
    "epoch": [
        1,
        2,
        3,
        4,
        5,
        6,
        7,
        8,
        9,
        10,
        11,
        12,
        13,
        14,
        15,
        16,
        17,
        18,
        19,
        20,
        21,
        22,
        23,
        24,
        25,
        26,
        27,
        28,
        29,
        30,
        31,
        32,
        33,
        34,
        35,
        36,
        37,
        38,
        39,
        40
    ],
    "loss": [
        0,
        0,
        0,
        3.669795513153076,
        1.962977409362793,
        1.7121614217758179,
        1.5332355499267578,
        1.6058801412582397,
        1.5832072496414185,
        1.5817334651947021,
        1.5057597160339355,
        1.4052740335464478,
        1.387670636177063,
        1.5365071296691895,
        1.619503378868103,
        1.5988353490829468,
        1.2609671354293823,
        1.3447628021240234,
        1.3445063829421997,
        1.388606071472168,
        1.420396327972412,
        1.4096215963363647,
        1.360540509223938,
        1.2209337949752808,
        1.195359706878662,
        1.1488866806030273,
        1.2395715713500977,
        1.1708793640136719,
        1.2061740159988403,
        1.2427114248275757,
        1.0989315509796143,
        1.0506930351257324,
        1.1125779151916504,
        1.1207892894744873,
        1.0705235004425049,
        0.8339207768440247,
        0.7954618334770203,
        0.7333196401596069,
        0.7198255062103271,
        0.7010788321495056
    ],
    "success_rate": [
        60.0,
        60.0,
        60.0,
        50.0,
        80.0,
        70.0,
        80.0,
        80.0,
        70.0,
        80.0,
        60.0,
        80.0,
        80.0,
        80.0,
        80.0,
        80.0,
        80.0,
        80.0,
        80.0,
        80.0,
        80.0,
        80.0,
        80.0,
        80.0,
        80.0,
        80.0,
        70.0,
        80.0,
        80.0,
        80.0,
        70.0,
        70.0,
        80.0,
        80.0,
        70.0,
        60.0,
        70.0,
        80.0,
        70.0,
        80.0
    ]
}