{
    "best_accuracy": 77.5,
    "best_avg_time": 19.902495474190072,
    "last_accuracy": 77.5,
    "last_avg_time": 19.902495474190072
}