{
    "best_accuracy": 56.00000000000001,
    "best_avg_time": 1.524526542420499,
    "last_accuracy": 22.0,
    "last_avg_time": 2.5338213932397777
}