{
    "epoch": [
        1,
        2,
        3,
        4,
        5,
        6,
        7,
        8,
        9,
        10
    ],
    "success_rate": [
        15.0,
        13.333333333333334,
        15.0,
        13.333333333333334,
        11.666666666666666,
        13.333333333333334,
        13.333333333333334,
        13.333333333333334,
        13.333333333333334,
        10.0
    ],
    "loss": [
        32.12927398681641,
        25.083450317382812,
        20.27898292541504,
        21.940613555908204,
        19.613998413085938,
        19.205080795288087,
        15.620912075042725,
        16.727788734436036,
        14.743230724334717,
        16.36154842376709
    ],
    "depth": [
        2,
        2,
        2,
        2,
        2,
        2,
        2,
        2,
        2,
        2
    ]
}