{
    "best_accuracy": 56.00000000000001,
    "best_avg_time": 1.5463663185801124,
    "last_accuracy": 36.0,
    "last_avg_time": 1.8251369117799914
}